adam_goucher@hotmail.com = adam_goucher@hotmail.com <adam_goucher@hotmail.com>
ajaykemparaj@gmail.com = ajaykemparaj@gmail.com <ajaykemparaj@gmail.com>
alexis.j.vuillemin = alexis.j.vuillemin <alexis.j.vuillemin@example.com>
andras.hatvani = andras.hatvani <andras.hatvani@example.com>
andreastt@opera.com = andreastt@opera.com <andreastt@opera.com>
barancev = barancev <barancev@gmail.com>
baran.ozgul = baran.ozgul <baran.ozgul@test.com>
berrada@google.com = berrada@google.com <berrada@google.com>
dave.hunt = dave.hunt <dave.hunt@gmail.com>
dave.hunt@gmail.com = dave.hunt@gmail.com <dave.hunt@gmail.com>
david.burns@theautomatedtester.co.uk = david.burns@theautomatedtester.co.uk <david.burns@theautomatedtester.co.uk>
dawagner = dawagner <dawagner@gmail.com>
daz = daz <daz@example.com>
eran.mes = eran.mes <eran.mes@gmail.com>
eran.mes@gmail.com = eran.mes@gmail.com <eran.mes@gmail.com>
ericpallen@gmail.com = ericpallen@gmail.com <ericpallen@gmail.com>
francois.reynaud = francois.reynaud <francois.reynaud@gmail.com>
francois.reynaud@gmail.com = francois.reynaud@gmail.com <francois.reynaud@gmail.com>
gregory.block = gregory.block <gregory.block@example.com>
gyrm = gyrm <gyrm@example.com>
hbchai@gmail.com = hbchai@gmail.com <hbchai@gmail.com>
hbchai = hbchai <hbchai@gmail.com>
james.h.evans.jr@gmail.com = james.h.evans.jr@gmail.com <james.h.evans.jr@gmail.com>
james.h.evans.jr = james.h.evans.jr <james.h.evans.jr@gmail.com>
jari.bakken = jari.bakken <jari.bakken@gmail.com>
jennifer.bevan = jennifer.bevan < jennifer.bevan@gmail.com>
jeremy.herault = jeremy.herault <jeremy.herault@gmail.com>
Jiayao.Yu = Jiayao.Yu <Jiayao.Yu@test.com>
jiayao.yu = jiayao.yu <jiayao.yu@test.com>
jmleyba@gmail.com = jmleyba@gmail.com <jmleyba@gmail.com>
jmleyba = jmleyba <jmleyba@gmail.com>
josephg = josephg <josephg@gmail.com>
jrhuggins@gmail.com = jrhuggins@gmail.com <jrhuggins@gmail.com>
jrhuggins = jrhuggins <jrhuggins@gmail.com>
kristian.rosenvold@gmail.com = kristian.rosenvold@gmail.com <kristian.rosenvold@gmail.com>
kristian.rosenvold = kristian.rosenvold <kristian.rosenvold@gmail.com>
kurniady@gmail.com = kurniady@gmail.com <kurniady@gmail.com>
luke.semerau@gmail.com = luke.semerau@gmail.com <luke.semerau@gmail.com>
mdub = mdub <mdub@example.com>
michael.tamm2 = michael.tamm2 <michael.tamm2@gmail.com>
miki.tebeka = miki.tebeka <miki.tebeka@gmail.com>
nirvdrum = nirvdrum <nirvdrum@nirvdrum@gmail.com>
(no author) = no_author <no_author@gmail.com>
PaulHammant = PaulHammant <PaulHammant@gmail.com>
plightbo = Patrick Lightbody <plightbo@gmail.com>
pydi.chandra = pydi.chandra <pydi.chandra@example.com>
rchatley@gmail.com = rchatley@gmail.com <rchatley@gmail.com>
rchatley = rchatley <rchatley@gmail.com>
Samit.Badle@gmail.com = Samit.Badle@gmail.com <Samit.Badle@gmail.com>
Samit.Badle@googlemail.com = Samit.Badle@googlemail.com <Samit.Badle@gmail.com>
santiycr = santiycr <santiycr@gmail.com>
shinya = shinya <shinya@example.com>
simon.m.stewart = simon.m.stewart <simon.m.stewart@gmail.com>
stuidge@gmail.com = stuidge@gmail.com <stuidge@gmail.com>
theautomatedtester = theautomatedtester <david.burns@theautomatedtester.co.uk>

