0uk <ouk@melix.net>
1kastner <1kastner@users.noreply.github.com>
43081j <43081j@users.noreply.github.com>
Aaron Evans <aevans@ancestry.com>
Aaron McKinley <Aaron_McKinley@shaw.ca>
Abdelrahman Talaat <abdurrahman.talaat@gmail.com>
Abdullah Aslam <48642109+code-with-abdullah@users.noreply.github.com>
Abhijeet Kasurde <akasurde@redhat.com>
Abhilash Thaduka <athaduka@gainsight.com>
abidema <44252090+abidema@users.noreply.github.com>
Adam Dangoor <adamdangoor@gmail.com>
Adam Demuri <ademuri@google.com>
Adam Goucher <adam_goucher@hotmail.com>
Adam Smith <afsmith92@gmail.com>
AdamPDotty <81536237+AdamPDotty@users.noreply.github.com>
Adi Roiban <adi.roiban@chevah.com>
adiohana <ohanaadi@gmail.com>
Aditya Pratap Singh <adityapratapsjnhh7654@gmail.com>
Adrian Dymorz <adrian.dymorz@e-experts.ch>
Adrian Leonhard <adrianleonhard@gmail.com>
Agustin Pequeno <33221555+aguspe@users.noreply.github.com>
Ahmed Ashour <asashour@yahoo.com>
AJ <anandj82@gmail.com>
Ajay Kemparaj <ajaykemparaj@gmail.com>
Akhil Lb <akhil.lb1@gmail.com>
Akuli <akuviljanen17@gmail.com>
Al Sutton <alsutton@users.noreply.github.com>
Alan Baird <alan.baird@livingsocial.com>
Alan Verresen <alanverresen@gmail.com>
Albert <r.albert.huang@gmail.com>
Alberto <albicento.ac@gmail.com>
Alberto Scotto <scotto.alberto.86@gmail.com>
albertor24 <albertor24.r@gmail.com>
Aleksei Moskvin <a.moskvin@propellerads.net>
Alex <72409387+fergushev@users.noreply.github.com>
Alex <iampopovich@gmail.com>
Alex Eagle <alexeagle@google.com>
Alex Henrie <alexhenrie24@gmail.com>
Alex Rodionov <p0deje@gmail.com>
Alex Savchuk <a.u.savchuk@gmail.com>
Alexander Bayandin <a.bayandin@gmail.com>
Alexander Dobrynin <aldobrynin@users.noreply.github.com>
Alexander Kavanaugh <alex@kavdev.io>
Alexander Millin <millin7@gmail.com>
Alexandr Savchuk <a.u.savchuk@gmail.com>
Alexandre Abreu <abreu_alexandre@hotmail.com>
Alexei Barantsev <barancev@gmail.com>
Alexei Vinogradov <alexei@vinogradoff.de>
Alexey Pelykh <alexey.pelykh@gmail.com>
Alexis J. Vuillemin <alexis.j.vuillemin@gmail.com>
Alexis Vuillemin
Alfonso Presa <alfonso-presa@users.noreply.github.com>
Alice Yang <alice@airtime.com>
aliking <ali@animoto.com>
Allon Murienik <mureinik@gmail.com>
Alpatron <ViktorRucky@outlook.cz>
Amil Uslu <amiluslu@hotmail.com>
Amit Bhoraniya <amitbhoraniya@users.noreply.github.com>
Amitabh Saikia
Anand Bagmar <anandbagmar@users.noreply.github.com>
Anand Jayaram <anandj82@gmail.com>
Anastasia Vataman <nancyvataman@yahoo.com>
Andras Hatvani <andras.hatvani@gmail.com>
Andre Wiggins <459878+andrewiggins@users.noreply.github.com>
Andreas Tolf Tolfsen <ato@mozilla.com>
Andreas Tolfsen <ato@mozilla.com>
Andrei <andrei@3dprogramin.io>
Andrei Botalov <botalov.andrey@gmail.com>
Andrei Rusu <beatfactor@users.noreply.github.com>
Andrei Solntsev <andrei.solntsev@gmail.com>
Andrey Botalov <botalov.andrey@gmail.com>
Andrii Rohovets <ragePowered@users.noreply.github.com>
Andy Duncan <aduncan@thoughtworks.com>
Angie Jones <jones.angie@gmail.com>
anonymous_sdet <anonymoussdet@gmail.com>
Anthony Sottile <asottile@umich.edu>
Anton Usmansky <cody0@yandex-team.ru>
Anton Velma <velma911@gmail.com>
Anton Vynogradenko <restuta8@gmail.com>
Ardi <47633543+dev-ardi@users.noreply.github.com>
Argo Triwidodo <argo.triwidodo@yahoo.co.id>
Ariel Juodziukynas <arieljuod@gmail.com>
arnonax <arnonaxelrod@hotmail.com>
arnonax-tr <62980738+arnonax-tr@users.noreply.github.com>
Artem Koshelev <artkoshelev@yandex-team.ru>
Artem Kozaev <artemkozaev@gmail.com>
ArthurGIT2017 <25633602+ArthurGIT2017@users.noreply.github.com>
Artur <artur@vaadin.com>
Artur Orlov <wirewit@rohrpost>
Ashley Trinh <itsashley@hey.com>
Aslak Hellesøy <aslak.hellesoy@gmail.com>
asmundak <asmundak@google.com>
Atsushi Tatsuma <yoshoku@outlook.com>
Augustin Gottlieb Pequeno <33221555+aguspe@users.noreply.github.com>
Aurélien Pupier <apupier@redhat.com>
Austin Michael Wilkins <42476341+amwilkins@users.noreply.github.com>
BaerMitUmlaut <BaerMitUmlaut@users.noreply.github.com>
Baran Ozgul <baran.ozgul@test.com>
Bartek Florczak <bflorczak@outlook.com>
Ben Congleton <ben@olark.com>
Ben Kucera <14625260+Bkucera@users.noreply.github.com>
Ben Lamm <benlamm25@gmail.com>
Ben Sedat <bsedat@tinfoilsecurity.com>
Benjamin Forehand Jr <bennyjr169@gmail.com>
bgermann <bage@debian.org>
bhecquet <bhecquet@users.noreply.github.com>
bhkwan <bhkwan@example.com>
Bill Agee <billagee@gmail.com>
bob <bob@example.com>
Bob Baron <rdbaron@gmail.com>
Bob Lubecker <thebobalu@gmail.com>
Bobby Jap <BJap@users.noreply.github.com>
Bogdan <BogdanDor@users.noreply.github.com>
Bogdan Condurache <bcondurache@gmail.com>
Bohdan Tkachenko <bohdan@tkachenko.io>
Boni García <boni.garcia@uc3m.es>
bootstraponline <code@bootstraponline.com>
Boris Osipov <osipov.boris@gmail.com>
Boris Petrov <boris_petrov@live.com>
Boris Wrubel <boris.wrubel@gmx.at>
bozdemir84 <burak.bbm@gmail.com>
Branden Cash <203336+ammmze@users.noreply.github.com>
Brandon Walderman <brwalder@microsoft.com>
Brandon Williams <williamsbdev@gmail.com>
Brendan Mannix <bmannix@gmail.com>
Bret Pettichord <bret@pettichord.com>
Brett Porter <brett@apache.org>
Brett Randall <javabrett@gmail.com>
Brian Burg <bburg@apple.com>
Brian Hawley <brian_hawley@yahoo.com>
Caleb P. Burns <cpburnz@gmail.com>
Calin Marina <calin.marina@gmail.com>
camelmasa <camelmasa@gmail.com>
Carlos Garcia Campos <cgarcia@igalia.com>
Carlos Ortega <roh.race@gmail.com>
Carlos Villela
Carson McDonald <carson@ioncannon.net>
ce86f3bb9faf71e <118820152+ce86f3bb9faf71e@users.noreply.github.com>
Cervac Petru <petru.cervac@gmail.com>
cezarelnazli <cezarelnazli@users.noreply.github.com>
ch-saeki <31008335+ch-saeki@users.noreply.github.com>
ChanMin Kim <kcm1700@gmail.com>
Charles Lavery <clavery@pixelmedia.com>
Charles Thomas <ch@rlesthom.as>
Chethana Paniyadi <cpaniyad@salesforce.com>
Chirag Jayswal <cjayswal@gmail.com>
chris <deadletter@aol.com>
Chris Block <chris.block@gmail.com>
Chris Gamache <cgamache@gmail.com>
Chris Gossett <54162250+cgossett@users.noreply.github.com>
Chris Martin <ch.martin@gmail.com>
Chris Mohr <chris.mohr@gmail.com>
Chris Stringer <cstringer42@gmail.com>
Chris Ward <christopher.ward2@bskyb.com>
Christian Ansel <36796016+ChrstnAnsl@users.noreply.github.com>
Christian Biesinger <cbiesinger@google.com>
Christian Clauss <cclauss@me.com>
Christopher Buttkus <cbuttkus@gmail.com>
Christopher Wood <cwood@panopto.com>
CI Build <selenium@example.com>
cjayswal <cjayswal@gmail.com>
clarkenciel <danny@clarkenciel.com>
Clay Martin <clmartin@microsoft.com>
cliffordcheng <48222691+cliffordcheng@users.noreply.github.com>
clubfest <club.fest.on.meteor@gmail.com>
ColinF <cfletch@us.ibm.com>
colons <colons@colons.co>
Connor Shea <connor.james.shea@gmail.com>
Corey Goldberg <cgoldberg@gmail.com>
Corey Schooler <cschooler@cerner.com>
Coty Rosenblath <coty@pobox.com>
Craig Nishina <craig.nishina@gmail.com>
CsolG <csolg7@gmail.com>
customcommander <hello@spinjs.com>
Cédric Boutillier <cedric.boutillier@gmail.com>
Dakkaron <dak1st@gmx.at>
Damien Allison <dakkad@users.noreply.github.com>
Damir <damirz@gmail.com>
Dan Fabulich <dan@fabulich.com>
Dana Sherson <robot@dana.sh>
Daniel Bengtsson <danielb@opera.com>
Daniel Boelzle [:dbo] <dbo@boelzle.org>
Daniel Brown <djbrown@users.noreply.github.com>
Daniel Davison <daniel.jj.davison@gmail.com>
Daniel Fackrell <dfackrell@bluehost.com>
Daniel Hahler <git@thequod.de>
Daniel Montoya <dsmontoyam@gmail.com>
Daniel P. Purkhús <purkhusid@gmail.com>
Daniel Rozenberg <me@danielrozenberg.com>
Daniel Wagner-Hall <dawagner@gmail.com>
Danilo Bargen <mail@dbrgn.ch>
Danny Staple <danny@orionrobots.co.uk>
danvine <github@danvine.com>
DanZeuss <danvc@zeuss.com>
darek8686 <darek86@gmail.com>
Darrell DeBoer <darrell.deboer@gmail.com>
Darren Cotterill <dcotterill@thoughtworks.com>
Darrin Cherry <darrinlc@Gmail.com>
Dave Hoover <dave.hoover@gmail.com>
Dave Hunt <dave.hunt@gmail.com>
daviande <danderso@gmail.com>
David Burns <david.burns@theautomatedtester.co.uk>
David English <davidenglishcodes@gmail.com>
David Fischer <david.fischer.ch@gmail.com>
David Haeffner <dhaeffner@gmail.com>
David Hewson <dev@daveid.co.uk>
David Kemp <dkemp@thoughtworks.com>
David Lai <david@wiredrive.com>
David Sanders <dsanders11@ucsbalum.com>
David Shaffer <dave.shaffer@gmail.com>
David Vargas <dvarrui@protonmail.com>
David Wang
David Zhu <hdavidzhu@users.noreply.github.com>
Debanjan Choudhury <debanjanc01@gmail.com>
deedy5 <65482418+deedy5@users.noreply.github.com>
Denis Demchenko <lancedikson@gmail.com>
Dennis Oelkers <dennis@graylog.com>
dependabot[bot] <49699333+dependabot[bot]@users.noreply.github.com>
Derrick Isaacson <derrick@lucidchart.com>
DevineLiu <23489096+DevineLiu@users.noreply.github.com>
Dharin Shah <Dharin-shah@users.noreply.github.com>
Dharrya <dharrya@gmail.com>
Diego Fernández Santos <diego.fernandez.santos@bbva.com>
Diego Molina <diemol@gmail.com>
Dima Kovalenko <dima@groupon.com>
Dima Veselov <d.a.veselov@yandex.ru>
Diogo Teles Sant'Anna <diogoteles@google.com>
Dmitriy Sintsov <questpc256@gmail.com>
Dmitry Dubenets <xaircore@gmail.com>
Dmitry Tokarev <dmitrytokarev@users.noreply.github.com>
Dmytro Shpakovskyi <Marketionist@users.noreply.github.com>
dnknitro <vova64@gmail.com>
doctor-house <66467615+doctor-house@users.noreply.github.com>
Dominic Evans <8060970+dnwe@users.noreply.github.com>
Dominik Dary <ddary@ebay.com>
Dominik Rauch <dominik.rauch@rubicon.eu>
Dominik Stadler <dominik.stadler@gmx.at>
Donald Pipowitch <pipo@senaeh.de>
Dor Blayzer <59066376+Dor-bl@users.noreply.github.com>
dosas <dosas@users.noreply.github.com>
Doug Simmons <doug@mach6.net>
Dounia Berrada <berrada@google.com>
dratler <dratler.shay@gmail.com>
Dvoryadkin Pavel <52860505+DvoryadkinPavel@users.noreply.github.com>
Dylan Lacey <github@dylanlacey.com>
Dylan Reichstadt <reichsta@amazon.com>
Dylan Semler <dsem@users.noreply.github.com>
Earlopain <14981592+Earlopain@users.noreply.github.com>
Eberhard Beilharz <eb1@sil.org>
Ed Manlove <devPyPlTw@verizon.net>
Ed Manlove <emanlove@verizon.net>
Edi Weissmann <edi.weissmann@gmail.com>
Edirin Atumah <bongosway@users.noreply.github.com>
Eduardo Wermuth <eduardoh.c.wermuth@gmail.com>
Edward Ned Harvey <edward.harvey@conceptblossom.com>
EdwinVanVliet <edwin_v_vliet@hotmail.com>
Ela Makiej <eplaszczyca@opera.com>
elgatov <elgatonegrov@gmail.com>
Eli Flanagan <efx@users.noreply.github.com>
Elias Faxö <p950iaf@fspa.myntet.se>
Ellis Percival <ellis.percival@imagination.com>
Enrique Daimiel <kdaimiel@gmail.com>
eoff <eoff@yandex-team.ru>
Eran Messeri <eran.mes@gmail.com>
Eric Allen <ericpallen@gmail.com>
Eric Plaster <eric.plaster@mutualmobile.com>
Erik Beans <ebeans@google.com>
Erik E. Beerepoot <erikbeerepoot@hush.com>
Erik Kuefler <ekuefler@gmail.com>
Evan Sangaline <esangaline@gmail.com>
Evgeniy Roldukhin <evgeniy@roldukhin.ru>
EwaMarek <ewa.marek.3.14@gmail.com>
Fan <1135611487@qq.com>
Felipe Knorr Kuhn <git@knorrium.info>
Fenil Mehta <42742240+fenilgmehta@users.noreply.github.com>
Florian Apolloner <florian@apolloner.eu>
Florian LOPES <florian.lopes@outlook.com>
Florian Mutter <32459530+florianmutter@users.noreply.github.com>
Florian Zipperle <zipperle@users.noreply.github.com>
Francis Bergin <bergin.francis@gmail.com>
Franz Liedke <franz@develophp.org>
François Freitag <francois.freitag@polyconseil.fr>
François JACQUES <hypnoce@donarproject.org>
François Reynaud <francois.reynaud@gmail.com>
Frederik Carlier <frederik.carlier@quamotion.mobi>
Fredrik Wollsén <fredrik@neam.se>
freynaud <francois.reynaud@gmail.com>
FrySabotage <crasniy_bugatty@list.ru>
Fumiaki MATSUSHIMA <mtsmfm@gmail.com>
fuyou <imshuazi@126.com>
Gaurav <igauravsehrawat@gmail.com>
gentoo90 <gentoo90@users.noreply.github.com>
George Adams <george.adams@microsoft.com>
Georgii Dolzhykov <thorn.mailbox@gmail.com>
Gerald Ehmayer <gerald.ehmayer@gmail.com>
Gerry Gao <gerryg@google.com>
Gestalt LUR <gestapolur@users.noreply.github.com>
GFHuang <4510984+GF-Huang@users.noreply.github.com>
ggkiokas <115367874+ggkiokas@users.noreply.github.com>
Ghjuvan Lacambre <code@lacamb.re>
Giorgos Tzampanakis <giorgos.tzampanakis@gmail.com>
glaszig <mail+github@glasz.org>
Glib Briia <glib.briia@gmail.com>
Godefroid Chapelle
Godefroid Chapelle <gotcha@bubblenet.be>
gopackgo90 <cbodendein@live.com>
Gopal Patel <nixme@stillhope.com>
GPT14 <gandhar.tandale14@gmail.com>
GQAssurance <34662917+GQAssurance@users.noreply.github.com>
Grace Tang <ytang3@gradcenter.cuny.edu>
Graham Russell <graham@ham1.co.uk>
granak <marcel141.g@live.com>
Grant <34662917+GQAssurance@users.noreply.github.com>
Greg Fraley <gfraley@proofpoint.com>
Greg Hogan <gregjhogan@gmail.com>
Gregory Block <gregory.block@gmail.com>
gregory.kleiner@accolade.com <gregory.kleiner@accolade.com>
Grey Li <withlihui@gmail.com>
Grigory Mischenko <gmischenko.external@epo.org>
Grzegorz Halat <grzegorz.halat@gmail.com>
Guangyue Xu <64437609+guangyuexu@users.noreply.github.com>
Guilherme Sousa <33522742+dilhelh@users.noreply.github.com>
Guille <alvarezguille@users.noreply.github.com>
h-arlt <h.arlt@xceptance.de>
Hamir Mahal <hamirmahal@gmail.com>
Hanbo Wang <hanbo.wang@smartekworks.com>
haqer1 <haqer1@users.noreply.github.com>
Harmandeep Singh <singh.hrmn98@gmail.com>
Harry <hjwp2@cantab.net>
Harshit Agrawal <94462364+harshit-bs@users.noreply.github.com>
havja <havelj1@gmail.com>
Haw-bin Chai <hbchai@gmail.com>
hectorhon <hon.lianhung@gmail.com>
Heky <maptacek@gmail.com>
helen3141 <54561656+helen3141@users.noreply.github.com>
Henrik Skupin <mail@hskupin.info>
Herryanto Siatono <herryanto@gmail.com>
Herst <Herst@users.noreply.github.com>
Hiroaki Ninomiya <me@treby.info>
Hirotaka Tagawa / wafuwafu13 <mariobaske@i.softbank.jp>
hornyja4 <hornych.h@gmail.com>
Hugo van Kemenade <hugovk@users.noreply.github.com>
huntr-helper <admin@418sec.com>
Hyesung Lee <hyesung.lee@silentsoft.org>
Iain Dawson <iain@bldm.us>
Iain Dawson <iain@colons.co>
Ian Lesperance <ian@elliterate.com>
ian zhang <ian.zhangzhe@gmail.com>
Iaroslav Naidon <inaidon@conductor.com>
ifland <ifland@gmail.com>
Ilya Kozhevnikov <github@kozhevnikov.com>
Ilyas Bayraktar <bayilyas@gmail.com>
Immanuel Hayden <immanuel.hayden@gmail.com>
Indomitable <ventsislav.mladenov@outlook.com>
Innokenty Shuvalov <innocentshuvalov@gmail.com>
Isaac A. Murchie <isaac.appium@gmail.com>
Isaul Vargas <isaulv@gmail.com>
Ish Abbi <ishabbi@gmail.com>
Ivan De Marino <detronizator@gmail.com>
Ivan Kalinin <ikalini1@ITS.JNJ.com>
Ivan Krutov <vania-pooh@vania-pooh.com>
Ivan Pozdeev <vano@mail.mipt.ru>
J.D. Purcell <jdpurcell@gmail.com>
Jack Allen <38332643+jackall3n@users.noreply.github.com>
Jacob Kiesel <kieseljake@gmail.com>
Jacob Walls <jacobtylerwalls@gmail.com>
Jacob Wejendorp <jacob@wejendorp.dk>
Jake <jakedurand00@gmail.com>
Jake Garelick <jakegarelick@gmail.com>
Jake Klingensmith <jklingen92@users.noreply.github.com>
Jakub Vrána <jakub@vrana.cz>
jamadam <sugama@jamadam.com>
James Braza <jamesbraza@gmail.com>
James Cooper
James Garbutt <43081j@users.noreply.github.com>
James Hilliard <james.hilliard1@gmail.com>
James Martin <martin770@users.noreply.github.com>
James Strachen
James Yuzawa <jtyuzawa@gmail.com>
jamespdo <jamespdo@gmail.com>
Jan Trejbal <jan.trejbal@scalesoft.cz>
Jan Weitz <jan@iosphere.de>
Jane Tymoschuk <tymoschuk.jane@gmail.com>
Jani Hautakangas <jani@igalia.com>
Jared Webber <jared.webber@prodigygame.com>
Jari Bakken <jari.bakken@gmail.com>
Jason <jwatt@salesforce.com>
Jason Anderson <diurnalist@gmail.com>
Jason Carr <jcarr@saucelabs.com>
Jason Hu <awarecan@users.noreply.github.com>
Jason Huggins <jrhuggins@gmail.com>
Jason Juang <juangj@gmail.com>
Jason Leyba <jmleyba@gmail.com>
Jason Parry <jasonsparry@mac.com>
Jason Watt <jasno@wattisup.com>
Javier Candeira <javier@candeira.com>
Jayakumar Chinnappan <jayakumareee21@gmail.com>
Jayasankar <jayasankar.m@gmail.com>
Jayme <kalkehcoisa@users.noreply.github.com>
Jayson Smith <github@nes.33mail.com>
Jean-Francois Roche
Jeff Moore <jeff@mavenlink.com>
Jeff Xiong <gigix1980@gmail.com>
Jennifer Bevan <jbevan@google.com>
Jens Diemer <github.com@jensdiemer.de>
Jeremy Herault <jeremy.herault@gmail.com>
Jeroen van Warmerdam <jeronevw@hotmail.com>
jerome-nexedi <jerome.perrin.nexedi@gmail.com>
Jerry Pussinen <jerry.pussinen@gmail.com>
JerryJia <jerryjiahaha@gmail.com>
jess010 <jfreasier@gmail.com>
Jesserd July <junpcnpig@126.com>
Jewen Xiao <jxiao@ncbi.nlm.nih.gov>
Jiahua Fan <jefferyfan3a@gmail.com>
Jiayao Yu <Jiayao.Yu@test.com>
Jie Tina Wang <jwang@example.com>
Jigar wala <jigarwala007@gmail.com>
Jim <james.h.evans.jr@gmail.com>
Jim Brännlund <BeyondEvil@users.noreply.github.com>
Jim Brännlund <jim.brannlund@gmail.com>
Jim Evans <james.h.evans.jr@gmail.com>
Jim Reid <reidj32@gmail.com>
Jim van Musscher <jim.van.musscher@gmail.com>
jkbzh <3439365+jkbzh@users.noreply.github.com>
jkohls <johnny@appthwack.com>
jmuramatsu <jmuramatsu@gmail.com>
Joaquín Romero <joromerom@gmail.com>
jochenberger <fooberger@gmail.com>
Joe Bandenburg <joe@bandenburg.com>
Joe Lencioni <joe.lencioni@gmail.com>
Joe Schulte <joesho112358@gmail.com>
Joe Walnes
Joel Hillacre <joel@403forbidden.ca>
joe_schulte <joesho112358@gmail.com>
Johan Lorenzo <jlorenzo@mozilla.com>
JohanBrorson <JohanBrorson@users.noreply.github.com>
John Barbuto <john.barbuto@indiegogo.com>
John Chen <johnchen@chromium.org>
John Comeau <jcomeauictx@users.noreply.github.com>
John Dorlus <jsdorlus@gmail.com>
John F. Douthat <johndouthat@gmail.com>
John J. Barton <johnjbarton@google.com>
John Pelly <jpelly@gmail.com>
Johnny.H <jnhyperion@gmail.com>
Johnson <20457146+j3soon@users.noreply.github.com>
joma74 <dev-mails@gmx.net>
Jon Dufresne <jon.dufresne@gmail.com>
Jon Spalding
Jon Wallsten <Jon.wallsten@gmail.com>
Jonah <jonasz.karafiol@gmail.com>
Jonah Stiennon <jonahss@gmail.com>
Jonatan Kronqvist <jonatan@vaadin.com>
Jonathan Leitschuh <jonathan.leitschuh@gmail.com>
Jonathan Lipps <jlipps@gmail.com>
Jonathon Kereliuk <kereliuk.j@gmail.com>
Jongkuen Hong <dldkfod@naver.com>
Jordan Mace <jordan.mace@inlogik.com>
josephg <josephg@gmail.com>
Josh Goldberg <joshuakgoldberg@outlook.com>
Joshua Bruning <joshbruning@gmail.com>
Joshua Fehler <jsfehler@users.noreply.github.com>
Joshua Grant <joshua.m.grant@gmail.com>
João Luca Ripardo <jlucartc@gmail.com>
JT Archie <jarchie@pivotal.io>
jugglinmike <mike@mikepennisi.com>
Julian Didier <did.julian@gmail.com>
Julian Harty <julianharty@gmail.com>
Julian Kung <juliankung@chromium.org>
Julie Ralph <ju.ralph@gmail.com>
Julien Phalip <jphalip@gmail.com>
Junpei Kawamoto <kawamoto.junpei@gmail.com>
juperala <juperala@dnainternet.net>
JustasM <59362982+JustasMonkev@users.noreply.github.com>
Justin Tulloss <justin.tulloss@gmail.com>
Justine Tunney <jtunney@gmail.com>
justinwoolley@gmail.com <jwoolley@netflix.com>
jwoolley <19597672+jwoolley@users.noreply.github.com>
Jörg Sautter <joerg.sautter@gmx.net>
Kamen Litchev <kamenlitchev@users.noreply.github.com>
Karl Kuehn <kuehn.karl@gmail.com>
Karl-Philipp Richter <krichter722@aol.de>
kateposener <kate_posener@yahoo.co.uk>
katrina95 <34797724+katrina95@users.noreply.github.com>
Kazuaki Matsuo <fly.49.89.over@gmail.com>
Kazuhiro NISHIYAMA <znz@users.noreply.github.com>
Kazuki Higashiguchi <hgsgtk@gmail.com>
keenangraham <keenangraham@gmail.com>
Ken Kania <kkania@chromium.org>
Kensuke Numakura <knmkr3gma@gmail.com>
KentGu <kentgu2010@gmail.com>
Kevin C <Kache@users.noreply.github.com>
Kevin Dew <kevindew@me.com>
Kevin Menard <nirvdrum@gmail.com>
kevin.cho <chozo99@users.noreply.github.com>
Kian Eliasi <kian.elbo@gmail.com>
Kian Meng Ang <kianmeng.ang@gmail.com>
Kim Hyeonseok <kim010322@gmail.com>
kjleftin <kjleftin@example.com>
Konstantin Kotenko <36271666+kkotenko@users.noreply.github.com>
kou1okada <kou1okada@users.noreply.github.com>
Kouzukii <ludewig.b@gmail.com>
Kris <1611248+Rinzwind@users.noreply.github.com>
Krishna Suravarapu <36037520+KrishnaSuravarapu@users.noreply.github.com>
Krishnan Mahadevan <krishnan.mahadevan1978@gmail.com>
Kristian Rosenvold <krosenvold@apache.org>
Krzysztof Księżyk <crs@poczta.fm>
kuhtich <kuhtich@yandex-team.ru>
Kunal Gosar <kunalgosar@google.com>
kurniady@gmail.com <kurniady@gmail.com>
Kurt Alfred Kluever <kak@google.com>
kvetko <37440134+kvetko@users.noreply.github.com>
Kyle McGonagle <kmcgon@gmail.come>
Lamberto <n2o1988@gmail.com>
Larry Diamond <1066589+larrydiamond@users.noreply.github.com>
Larry Yu <lyu@digitalguardian.com>
larsiver <lars.iver@gmail.com>
Laura <snailtsunami@gmail.com>
Laurence Rowe <l@lrowe.co.uk>
Lauro Moura <lmoura@igalia.com>
Leo Laskin <llaskin@gmail.com>
Leon Shams <52867365+LeonShams@users.noreply.github.com>
Leonardo Salles <leonardo_guirdo@hotmail.com>
Levi Noecker <levi-rs@users.noreply.github.com>
lhuang <lhuang@example.com>
Long Ly <loly@microsoft.com>
Long Nguyen <zcmgyu@gmail.com>
lsowen <lowen@misoenergy.org>
Lucas Diniz <kbelodiniz@hotmail.com>
Lucas Tierney <lucastierney@gmail.com>
Luis Correia <luis.f.correia@gmail.com>
Luis Pflamminger <luis.pflamminger@gmail.com>
Luke Hill <lukehill_uk@hotmail.com>
Luke Inman-Semerau <luke.semerau@gmail.com>
lukec <lukec@example.com>
Lukáš Linhart <lukas.linhart.1981@gmail.com>
Lyudmil Latinov <llatinov@users.noreply.github.com>
Machinexa2 <60662297+machinexa2@users.noreply.github.com>
Maciej Pakulski <pakulski.maciej@gmail.com>
Magnus E. Halvorsen <mhalv@nets.eu>
Maid <37146904+ParadiseWitch@users.noreply.github.com>
Malcolm Rowe
MandarJKulkarni <33712629+MandarJKulkarni@users.noreply.github.com>
Maneesh MS <maneesh.ms@oracle.com>
Manoj Kumar <manoj9788@gmail.com>
Manuel Blanco <mannywhite89@icloud.com>
Marc Fisher <fisherii@google.com>
Marc Guillemot
Marc Schlegel <marc.schlegel@sdv-it.de>
Marcel Wilson <trenchrats@gmail.com>
Marcin Strzyz <37447884+mastrzyz@users.noreply.github.com>
marcotcr <marcotcr@gmail.com>
Marcus Merrell <mmerrell@gmail.com>
Maria Filonova <filonova7@yandex.ru>
Mark Banner <standard8@mozilla.com>
Mark Charsley <mcharsley@google.com>
Mark Christian <m@rkchristian.ca>
Mark Collin <mark.collin@lazeryattack.com>
Mark Mayo <mark@there.co.nz>
Mark Stacey <markjstacey@gmail.com>
Mark Watson <watsonmw@gmail.com>
Marvin A. Ruder <github@mruder.dev>
Marvin Ojwang <mojwang@netflix.com>
MASACR99 <joangil99@gmail.com>
Masayuki Hokimoto <masayuki.hokimoto@jp.ricoh.com>
Mateusz Kajka <18029907+codemrkay@users.noreply.github.com>
Mathias Kresin <m@kresin.me>
Mathias Rangel Wulff <m@rawu.dk>
mathlang <mathieulanglois@gmail.com>
Matt McCartney <mmccartn@users.noreply.github.com>
Matt Q <irrationalrockprogramming@gmail.com>
Matthew Kempkers <118692289+matt-kemp-m2x@users.noreply.github.com>
Matthew Lymer <matthew.lymer@outlook.com>
Matthew Rahtz <matthew.rahtz@gmail.com>
matthewdoerksen <matthewdoerksen@users.noreply.github.com>
MatzFan <MatzFan@users.noreply.github.com>
Max Perrello <max.perrello@gmail.com>
Max Schmitt <max@schmitt.mx>
Maxim Lobanov <maksim.lobanov@akvelon.com>
Maxim Perepelitsa <n0xff@outlook.com>
mcharsley <mcharsley@google.com>
Meir Blachman <meirblachman@gmail.com>
Melroy van den Berg <webmaster@web-share.nl>
Michael Benz <michael.benz@foconis.de>
Michael Glass <me@mike.is>
Michael Keeley <mike@sparkstone.co.nz>
Michael Klepikov <klm@google.com>
Michael Mintz <mdmintz@users.noreply.github.com>
Michael Nikitochkin <miry.sof@gmail.com>
Michael P. Jung <michael.jung@terreon.de>
Michael Render <render.michael@gmail.com>
Michael Tamm <michael.tamm2@gmail.com>
Michael Zhou <zhoumotongxue008@gmail.com>
Michal Čihař <michal@cihar.com>
Michał Herda <phoe@openmailbox.org>
Michele Sama
Mickaël Schoentgen <contact@tiger-222.fr>
Microsoft Provenance Contributions <enhanceprovenance@microsoft.com>
middlingphys <38708390+middlingphys@users.noreply.github.com>
Miguel Carboni <miguel.carboni@gmail.com>
Mike Bellew <mbellew@alterian.com>
Mike Melia <mikemelia@gmail.com>
Mike Pennisi <mike@mikepennisi.com>
Mike Roberts <mike.b.roberts@gmail.com>
Mike Williams <mdub@dogbiscuit.org>
Mikhail Fedosov <tbs.micle@gmail.com>
Mikhail Panin <mikhail.panin.13@gmail.com>
Miki Tebeka <miki.tebeka@gmail.com>
Mikko Tiihonen <mikko.tiihonen@nitor.fi>
Milan Falešník <mfalesni@redhat.com>
ming <ming.zhang@navhealth.com>
Mirko Nasato
mitchloudenbeck <mitch.loudenbeck@gmail.com>
Miten Chauhan <mitenchauhan@hotmail.com>
mk868 <maciej.kucharczyk@hotmail.com>
mkvetko <mkvetko@users.noreply.github.com>
MMK-IBSEN <124664589+MMK-IBSEN@users.noreply.github.com>
Mohab Mohie <Mohab.MohieElDeen@outlook.com>
mohammadsavadkuhi <physitime@gmail.com>
Moisés <moiseshiraldo@gmail.com>
Moritz Kiefer <moritz.kiefer@purelyfunctional.org>
Moritz Sichert <moritz.sichert@googlemail.com>
morrishoresh <morrish@perfectomobile.com>
morskyrv <18137385+morskyrv@users.noreply.github.com>
Moshe Atlow <moshe@atlow.co.il>
mpurland <mpurland@example.com>
mtrea <32470080+mtrea@users.noreply.github.com>
Mubariz Hajimuradov <mubarizhajimuradov@yahoo.com>
Muhammad Hammad <33136628+mhnaeem@users.noreply.github.com>
MustafaAgamy <mostafaagamy1995@gmail.com>
Muthu Kannan
MWschutte <72599545+MWschutte@users.noreply.github.com>
myslak71 <myslak@protonmail.com>
Nate Lowry <nate.lowry@gmail.com>
Nathan Isom <neeasade@users.noreply.github.com>
native-api <ivan_pozdeev@mail.ru>
Naveen <172697+naveensrinivasan@users.noreply.github.com>
Naveen Singh <36371707+Naveen3Singh@users.noreply.github.com>
Navin Chandra <98466550+navin772@users.noreply.github.com>
Neil Carvalho <me@neil.pro>
Nelson Sproul <nsproul@bea.com>
Nick Crews <nicholas.b.crews@gmail.com>
Nick Gaya <nicholasgaya+github@gmail.com>
Nick Schonning <nschonni@gmail.com>
Nicolas Sotgui <nicolas.sotgui@gmail.com>
Nik Nyby <nnyby@columbia.edu>
Nikhil Agarwal <nikhil.ag@browserstack.com>
Nikolay Borisenko <nikolay.v.borisenko@gmail.com>
Nina Satragno <nsatragno@gmail.com>
nir-tal-talkspace <71274151+nir-tal-talkspace@users.noreply.github.com>
Nirantak Raghav <nirantak.s.r@gmail.com>
Nitish <kumar-nitish@users.noreply.github.com>
Noel Gordon
Nowell Strite <nowell@strite.org>
Nozomi Ito <nozomi.ito@trident-qa.com>
no_author <no_author@gmail.com>
nvonop <nvonop@gmail.com>
Oboleninov Anton <anton.oboleninov@saritasa.com>
Oleg Höfling <hoefling@users.noreply.github.com>
Oleg Ridchenko <73664101+oleg-rd@users.noreply.github.com>
Oleksandr Kulychok <o.kulychok@astoundcommerce.com>
Oleksandr Kulychok <oleksandr.kulychok@gmail.com>
Oleksii <qacrispus@gmail.com>
Olivier SCHNEIDER <olivier.schneider@opengroupware.ch>
Olle Jonsson <olle.jonsson@gmail.com>
Olly Dean <olly@nekofever.com>
Ondřej Machulda <ondrej.machulda@gmail.com>
Ondřej Čertík <ondrej.certik@gmail.com>
orangeudav <orangeudav@gmail.com>
Oscar Devora <100381276+RevealOscar@users.noreply.github.com>
Outsider <outsideris@gmail.com>
Paladin Wang <49390614+eversoutheast@users.noreply.github.com>
Palmer Bandy <37938675+palmermbandy@users.noreply.github.com>
Pat Tullmann <pt@bebop.co>
Patrice Jaton <patrice@4gates.org>
Patrick Beart <patrick.beart@gmail.com>
Patrick Gansterer <paroga@paroga.com>
Patrick Lightbody <plightbo@gmail.com>
Paul G Webster <paul.g.webster@googlemail.com>
Paul Hammant <phammant@gmail.com>
Pavel Lobashov <ShockwaveNN@gmail.com>
Pavel Sobolev <pavel@paveloom.dev>
Perryn Fowler <pezlists@gmail.com>
Pete Johns <pete.johns@envato.com>
Peter Hedenskog <peter@soulgalore.com>
Peter M. Landwehr <plandweh@cs.cmu.edu>
petruc <petruc@microsoft.com>
Phani Rithvij <phanirithvij2000@gmail.com>
Philipp Hancke <fippo@goodadvice.pages.de>
Philippe Hanrigou <philippe.hanrigou@gmail.com>
Phillip Haydon <phillip.haydon@gmail.com>
phoenix384 <phoenix384@gmx.de>
pinterior <pinterior@users.noreply.github.com>
Piotr Witoslawski <pwitoslawski@opera.com>
pitachips <hjkim3323@gmail.com>
PombaM <PombaM@users.noreply.github.com>
Potapov Dmitriy <potapovd3012@gmail.com>
Prakhar Rawat <pxr7185@g.rit.edu>
praveendvd <45095911+praveendvd@users.noreply.github.com>
Puja Jagani <puja.jagani93@gmail.com>
Pulkit Sharma <avastpulkit@gmail.com>
Pydi Chandra <pydi.chandra@gmail.com>
Qays H. Poonawala <qayshp@gmail.com>
Radosław Sporny <r.sporny@gmail.com>
Rafael Chavez <rafchavez3@gmail.com>
Rahul Shah <rshahshah2890@gmail.com>
Rajendra Kadam <rajendrakadam249@gmail.com>
Ram Rachum <ram@rachum.com>
Rami <icnocop@users.noreply.github.com>
Ravi Sawlani <ravisawlani04@gmail.com>
rbri <rbri@rbri.de>
rchatley <rchatley@gmail.com>
rchatley@gmail.com <rchatley@gmail.com>
reichsta <reichsta@amazon.com>
Reinaldo Rossetti <reinaldo.rossetti@outlook.com>
Reinhold Degenfellner <reinhold.jun@degenfellner.com>
Remco <remcowesterhoud@msn.com>
renovate[bot] <29139614+renovate[bot]@users.noreply.github.com>
richard.hines <richard.hines@hp.com>
RichCrook <richcrook@yahoo.com>
richseviora <richard.seviora@gmail.com>
Rishav Trivedi <rishabtrivedi87@gmail.com>
Rob Richardson <robrich@robrich.org>
Rob Wu <gwnRob@gmail.com>
Robert Elliot <rob@lidalia.org.uk>
Robert Fletcher <mockdeep@users.noreply.github.com>
Roberto Rivera <roberto.rivera@gmail.com>
Robin Stocker <rstocker@atlassian.com>
Rod McNew <rmcnew@relivinc.com>
Roman Yurchak <rth.yurchak@gmail.com>
Roman Yurchak <rth.yurchak@pm.me>
Roman Zoller <roman.zoller@camptocamp.com>
rompic <blog@pickl.eu>
Rory Craig-Barnes <rcraigbarnes@blackberry.com>
Roubal Sehgal <44202409+roubalsehgal@users.noreply.github.com>
Rouke Broersma <Mobrockers@users.noreply.github.com>
roushikk <roushikk@gmail.com>
rovner <rovnyakov@gmail.com>
Rune Flobakk
Russ Amos <rra@google.com>
RussiaVk <43515485+RussiaVk@users.noreply.github.com>
RustyNail <takonoyawarakaage@yahoo.co.jp>
Ryan Fitzpatrick <ryan.fitzpatrick@inin.com>
Ryan Wilcox <rwilcox@thoughtworks.com>
Ryszard Perkowski <usultis@gmail.com>
Sajad Torkamani <sajadtorkamani1@gmail.com>
Saksham Gupta <shucon01@gmail.com>
Salvador Cabrera Lozano <salvadorcabrera@gmail.com>
Sam Uong <samuong@chromium.org>
Samit Badle <samit.badle@gmail.com>
Samuel Bétrisey <me@sam.ninja>
Sandeep Suryaprasad <26169602+sandeepsuryaprasad@users.noreply.github.com>
Sankha Narayan Guria <sankha93@gmail.com>
Santiago Suarez Ordoñez <santiycr@gmail.com>
Sarah Bird <github@birdsbits.com>
Sayyid Ali Sajjad Rizavi <58586026+ali-sajjad-rizavi@users.noreply.github.com>
schrufygroovy <50398024+schrufygroovy@users.noreply.github.com>
Scott Babcock <scoba@hotmail.com>
Scott Sauber <stsauber@gmail.com>
Scott Stevens <ShadowLNC@users.noreply.github.com>
Sean Gomez <34379448+Sean-Gomez@users.noreply.github.com>
Sean Poulter <sean.poulter@gmail.com>
seanrand57 <seanrand57@hotmail.com>
Sebastian Meyer <mail@bastimeyer.de>
Sebastian Monte <sebastian.h.monte@gmail.com>
Sebastien Guillemot <SebastienGllmt@gmail.com>
seidnerj <jonathan.seidner@gmail.com>
Selenium CI Bot <diemol+selenium-ci@gmail.com>
Selenium CI Bot <selenium-ci@users.noreply.github.com>
Sen ZmaKi <90490506+SenZmaKi@users.noreply.github.com>
Sergey Chipiga <svchipiga@yandex-team.ru>
Sergey Fursov <GeyseR85@gmail.com>
Sergey Tikhomirov <tichomirovsergey@gmail.com>
Seth Lemanek <sethlemanek@yahoo.com>
Seva Lotoshnikov <sevalo@google.com>
Shan <shan.anand@gmail.com>
Shashank <42868640+snsten@users.noreply.github.com>
Shay Dratler <Shay_Dratler@intuit.com>
Shengfa <3363396+k7z45@users.noreply.github.com>
shin <shin@example.com>
Shinya Kasatani <shinya@example.com>
Shishu Raj Pandey <kiet.shishu@gmail.com>
Shreyan Avigyan <74560907+shreyanavigyan@users.noreply.github.com>
Shubham Singh <41840111+singh811@users.noreply.github.com>
Shuhai Shen <shuhai@shuhai.zrh.corp.google.com>
Simon Benzer <69980130+shbenzer@users.noreply.github.com>
Simon K <jackofspaces@gmail.com>
Simon Perepelitsa <sema@sema.in>
Simon Stewart <simon.m.stewart@gmail.com>
skratchdot <git@skratchdot.com>
smhc <shanehird@gmail.com>
Snail <snail@solitarysnail.com>
space88man <shihping.chan@gmail.com>
Sri Harsha <sri_harsha509@hotmail.com>
Sri Harsha <sri_harsha@epam.com>
sridharUpputuri <52928428+sridharUpputuri@users.noreply.github.com>
Srinivasan Sekar <srinivasan.sekar1990@gmail.com>
Sripathi Pai <sripathi@roxtr.com>
Sruthi <sruthi.endla@gmail.com>
Stanley Hon <stahon@microsoft.com>
Stanley Hon <stanleyhon348@gmail.com>
Stephen Kuenzli <skuenzli@shutterfly.com>
Steve Brown <steve@steve-Lenovo-IdeaPad-U260.(none)>
Steve Smith <stvsmth@gmail.com>
Steven Hazel <sah@awesame.org>
stevetracvc <70416691+stevetracvc@users.noreply.github.com>
Stoyan Dimkov <stoyan.dimkov@gmail.com>
Stuart Knightly <stuidge@gmail.com>
sufyanAbbasi <sufyanAbbasi@users.noreply.github.com>
sugama <sugama@jamadam.com>
sunnyyukaige <kaige8531917@163.com>
Swastik Baranwal <swstkbaranwal@gmail.com>
symonk <jackofspaces@gmail.com>
Take <takewakamma@gmail.com>
take0x <89313929+take0x@users.noreply.github.com>
Takeshi Kishi <takeya0x86@gmail.com>
Takuho NAKANO <takotakot@users.noreply.github.com>
Takuma Chiba <hogenoserver@gmail.com>
Tamas Utasi <3823780+utamas@users.noreply.github.com>
Tamsil Sajid Amani <tamsajama@gmail.com>
Tamás Buka <buka86@gmail.com>
Tatsuya Hoshino <tatsuya7.hoshino7@gmail.com>
Terence Haddock
thecr8tr <thecr8tr@users.noreply.github.com>
Thomas Flori <thflori@gmail.com>
Thomas Grainger <tagrain@gmail.com>
Thomas Walpole <twalpole@gmail.com>
Thunderforge <wjherrmann@gmail.com>
Tim Sutton <tim.sutton@saucelabs.com>
Tim van der Lippe <tvanderlippe@google.com>
timm-permeance <tim.myerscough@permeance.com.au>
Timofey Vasenin <timofey.vasenin@gmail.com>
Timur Zolotuhin <tzolotuhin@gmail.com>
ting <44369205+71n9@users.noreply.github.com>
tirana <anatoli.kuzmin@gmail.com>
Titus Fortner <titusfortner@gmail.com>
Tobias Lidskog <tobias@lidskog.se>
Tobias Smolka <37370256+tosmolka@users.noreply.github.com>
Toda Hiroshi <hiroshitoda@ossaaaan.com>
Toilal <toilal.dev@gmail.com>
Tom Longhurst <thomhurst@gmail.com>
Tom Trumper <tom-trumper@hotmail.co.uk>
tomaszn <tomaszn@users.noreply.github.com>
Tomer Steinfeld <tomer@corevo.io>
Tommy Beadle <tbeadle@users.noreply.github.com>
tommywo <tommywo@users.noreply.github.com>
Tomohiro Endo <paul.thomas.goodfellas@gmail.com>
Tony Hignett <tony.hignett@scivisum.co.uk>
Tony Narlock <tony@git-pull.com>
tporeba <tporeba@gmail.com>
trabulmonkee <mike.millgate@gmail.com>
trademark18 <dreedbuddy@gmail.com>
Trey Chadick <tchad@labkey.com>
Tricia Crichton <triciac@chromium.org>
TriciaCrichton <54917582+TriciaCrichton@users.noreply.github.com>
Trig <Trigtrig@users.noreply.github.com>
Troy Walsh <TroyWalshProf@users.noreply.github.com>
ttanaka <ttanaka@cybernet.co.jp>
tvataire <vatairethibault@no-log.org>
Ulf Adams <ulfjack@users.noreply.github.com>
Ulrich Buchgraber <ulrich.b@gmx.at>
User253489 <user253489@gmail.com>
V24 <55334829+umarfarouk98@users.noreply.github.com>
Valery Yatsynovich <valfirst@yandex.ru>
Varun Menon <mr.varun.menon@gmail.com>
varunsurapaneni <67070327+varunsurapaneni@users.noreply.github.com>
Vedanth Vasu Dev <61700595+vedanthvdev@users.noreply.github.com>
vedanthvdev <61700595+vedanthvdev@users.noreply.github.com>
vergiliu <vergiliu@gmail.com>
vflame <0x484x0@gmail.com>
Victor Tang <vtange@users.noreply.github.com>
Viet Nguyen Duc <nguyenducviet4496@gmail.com>
Vijay Singh <vj2010sn@gmail.com>
Vijendarn Selvarajah <11275608+vijay44@users.noreply.github.com>
VijendraEAtech <39116868+VijendraEAtech@users.noreply.github.com>
Vikas Goel <vikasgoel.bits@gmail.com>
VimalRaj Selvam <email2vimalraj@gmail.com>
Vincent Ladeuil <vila+github@canonical.com>
vinoth959 <vinoth959@gmail.com>
Viren Negi <63040+meetme2meat@users.noreply.github.com>
Virender Singh <virenv@outlook.com>
Vishnuprakash P K <pkvprakash@gmail.com>
Vitaliy Potapov <noginsk@rambler.ru>
Vladimir Támara Patiño <vtamara@pasosdeJesus.org>
VladimirPodolyan <36446855+VladimirPodolyan@users.noreply.github.com>
Vladislav Velichko <111522705+vlad8x8@users.noreply.github.com>
Vyvyan Codd
Václav Votípka <enca@enca.cz>
Werner Robitza <slhck@users.noreply.github.com>
wiggin15 <wiggin15@yahoo.com>
wildloop <mariusz@olejnik.net>
WORKSTATION02 <clz.livio@gmail.com>
wpc <wpc@example.com>
y-yagi <yuuji.yaginuma@gmail.com>
Yaroslav Admin <devoto13@gmail.com>
Yash Ladha <201551061@iiitvadodara.ac.in>
Yehuda Davis <hudcap@users.noreply.github.com>
Yevgeniy Shunevych <eshunevich@gmail.com>
Yi Zeng <yi.zeng.dev@gmail.com>
yk9772 <93392713+yk9772@users.noreply.github.com>
Yurii Karabas <1998uriyyo@gmail.com>
Yusuke Noda <91508381+yusuke-noda@users.noreply.github.com>
Zach Attas <zach.attas@gmail.com>
Zeki Mokhtarzada <zekitm@gmail.com>
zhangwenqiang00 <sun996272309@hotmail.com>
Zhuo Peng <zhuo.peng@vanemy.org>
Ziyu <odduid@gmail.com>
Zoltar - Knower of All
zsong <zsong@example.com>
Ákos Lukács <AkosLukacs42@gmail.com>
Étienne Barrié <etienne.barrie@gmail.com>
保木本将之 <markun@markun.local>
